"Data Source","World Development Indicators",

"Last Updated Date","2025-07-01",

"Country Name","Country Code","Indicator Name","Indicator Code","1960","1961","1962","1963","1964","1965","1966","1967","1968","1969","1970","1971","1972","1973","1974","1975","1976","1977","1978","1979","1980","1981","1982","1983","1984","1985","1986","1987","1988","1989","1990","1991","1992","1993","1994","1995","1996","1997","1998","1999","2000","2001","2002","2003","2004","2005","2006","2007","2008","2009","2010","2011","2012","2013","2014","2015","2016","2017","2018","2019","2020","2021","2022","2023","2024",
"Aruba","ABW","Account ownership at a financial institution or with a mobile-money-service provider (% of population ages 15+)","FX.OWN.TOTL.ZS","","","","","","","","","","","","","","","","","","","","","","","","","","","","","","","","","","","","","","","","","","","","","","","","","","","","","","","","","","","","","","","","","",
"Africa Eastern and Southern","AFE","Account ownership at a financial institution or with a mobile-money-service provider (% of population ages 15+)","FX.OWN.TOTL.ZS","","","","","","","","","","","","","","","","","","","","","","","","","","","","","","","","","","","","","","","","","","","","","","","","","","","","","","","","","","","","","","","","","",
"Afghanistan","AFG","Account ownership at a financial institution or with a mobile-money-service provider (% of population ages 15+)","FX.OWN.TOTL.ZS","","","","","","","","","","","","","","","","","","","","","","","","","","","","","","","","","","","","","","","","","","","","","","","","","","","","9.01","","","9.96","","","14.89","","","","9.65","","","",
"Africa Western and Central","AFW","Account ownership at a financial institution or with a mobile-money-service provider (% of population ages 15+)","FX.OWN.TOTL.ZS","","","","","","","","","","","","","","","","","","","","","","","","","","","","","","","","","","","","","","","","","","","","","","","","","","","","","","","","","","","","","","","","","",
"Angola","AGO","Account ownership at a financial institution or with a mobile-money-service provider (% of population ages 15+)","FX.OWN.TOTL.ZS","","","","","","","","","","","","","","","","","","","","","","","","","","","","","","","","","","","","","","","","","","","","","","","","","","","","39.2","","","29.32","","","","","","","","","","",
"Albania","ALB","Account ownership at a financial institution or with a mobile-money-service provider (% of population ages 15+)","FX.OWN.TOTL.ZS","","","","","","","","","","","","","","","","","","","","","","","","","","","","","","","","","","","","","","","","","","","","","","","","","","","","28.27","","","37.99","","","40.02","","","","44.17","","","",
"Andorra","AND","Account ownership at a financial institution or with a mobile-money-service provider (% of population ages 15+)","FX.OWN.TOTL.ZS","","","","","","","","","","","","","","","","","","","","","","","","","","","","","","","","","","","","","","","","","","","","","","","","","","","","","","","","","","","","","","","","","",
"Arab World","ARB","Account ownership at a financial institution or with a mobile-money-service provider (% of population ages 15+)","FX.OWN.TOTL.ZS","","","","","","","","","","","","","","","","","","","","","","","","","","","","","","","","","","","","","","","","","","","","","","","","","","","","22.48","","","30.47","","","37.23","","","","40.21","","","",
"United Arab Emirates","ARE","Account ownership at a financial institution or with a mobile-money-service provider (% of population ages 15+)","FX.OWN.TOTL.ZS","","","","","","","","","","","","","","","","","","","","","","","","","","","","","","","","","","","","","","","","","","","","","","","","","","","","59.73","","","83.74","","","88.21","","","","85.74","","","",
"Argentina","ARG","Account ownership at a financial institution or with a mobile-money-service provider (% of population ages 15+)","FX.OWN.TOTL.ZS","","","","","","","","","","","","","","","","","","","","","","","","","","","","","","","","","","","","","","","","","","","","","","","","","","","","33.13","","","50.2","","","48.71","","","","71.63","","","",
"Armenia","ARM","Account ownership at a financial institution or with a mobile-money-service provider (% of population ages 15+)","FX.OWN.TOTL.ZS","","","","","","","","","","","","","","","","","","","","","","","","","","","","","","","","","","","","","","","","","","","","","","","","","","","","17.49","","","17.67","","","47.76","","","","55.35","","","",
"American Samoa","ASM","Account ownership at a financial institution or with a mobile-money-service provider (% of population ages 15+)","FX.OWN.TOTL.ZS","","","","","","","","","","","","","","","","","","","","","","","","","","","","","","","","","","","","","","","","","","","","","","","","","","","","","","","","","","","","","","","","","",
"Antigua and Barbuda","ATG","Account ownership at a financial institution or with a mobile-money-service provider (% of population ages 15+)","FX.OWN.TOTL.ZS","","","","","","","","","","","","","","","","","","","","","","","","","","","","","","","","","","","","","","","","","","","","","","","","","","","","","","","","","","","","","","","","","",
"Australia","AUS","Account ownership at a financial institution or with a mobile-money-service provider (% of population ages 15+)","FX.OWN.TOTL.ZS","","","","","","","","","","","","","","","","","","","","","","","","","","","","","","","","","","","","","","","","","","","","","","","","","","","","99.06","","","98.86","","","99.52","","","","99.32","","","",
"Austria","AUT","Account ownership at a financial institution or with a mobile-money-service provider (% of population ages 15+)","FX.OWN.TOTL.ZS","","","","","","","","","","","","","","","","","","","","","","","","","","","","","","","","","","","","","","","","","","","","","","","","","","","","97.08","","","96.73","","","98.16","","","","99.95","","","",
"Azerbaijan","AZE","Account ownership at a financial institution or with a mobile-money-service provider (% of population ages 15+)","FX.OWN.TOTL.ZS","","","","","","","","","","","","","","","","","","","","","","","","","","","","","","","","","","","","","","","","","","","","","","","","","","","","14.9","","","29.15","","","28.57","","","","","46.26","","",
"Burundi","BDI","Account ownership at a financial institution or with a mobile-money-service provider (% of population ages 15+)","FX.OWN.TOTL.ZS","","","","","","","","","","","","","","","","","","","","","","","","","","","","","","","","","","","","","","","","","","","","","","","","","","","","7.24","","","7.11","","","","","","","","","","",
"Belgium","BEL","Account ownership at a financial institution or with a mobile-money-service provider (% of population ages 15+)","FX.OWN.TOTL.ZS","","","","","","","","","","","","","","","","","","","","","","","","","","","","","","","","","","","","","","","","","","","","","","","","","","","","96.31","","","98.13","","","98.64","","","","99.01","","","",
"Benin","BEN","Account ownership at a financial institution or with a mobile-money-service provider (% of population ages 15+)","FX.OWN.TOTL.ZS","","","","","","","","","","","","","","","","","","","","","","","","","","","","","","","","","","","","","","","","","","","","","","","","","","","","10.46","","","16.62","","","38.49","","","","48.61","","","",
"Burkina Faso","BFA","Account ownership at a financial institution or with a mobile-money-service provider (% of population ages 15+)","FX.OWN.TOTL.ZS","","","","","","","","","","","","","","","","","","","","","","","","","","","","","","","","","","","","","","","","","","","","","","","","","","","","13.35","","","14.36","","","43.16","","","","36.11","","","",
"Bangladesh","BGD","Account ownership at a financial institution or with a mobile-money-service provider (% of population ages 15+)","FX.OWN.TOTL.ZS","","","","","","","","","","","","","","","","","","","","","","","","","","","","","","","","","","","","","","","","","","","","","","","","","","","","31.74","","","30.99","","","50.05","","","","52.81","","","",
"Bulgaria","BGR","Account ownership at a financial institution or with a mobile-money-service provider (% of population ages 15+)","FX.OWN.TOTL.ZS","","","","","","","","","","","","","","","","","","","","","","","","","","","","","","","","","","","","","","","","","","","","","","","","","","","","52.82","","","62.99","","","72.2","","","","83.97","","","",
"Bahrain","BHR","Account ownership at a financial institution or with a mobile-money-service provider (% of population ages 15+)","FX.OWN.TOTL.ZS","","","","","","","","","","","","","","","","","","","","","","","","","","","","","","","","","","","","","","","","","","","","","","","","","","","","64.51","","","81.94","","","82.61","","","","","","","",
"Bahamas, The","BHS","Account ownership at a financial institution or with a mobile-money-service provider (% of population ages 15+)","FX.OWN.TOTL.ZS","","","","","","","","","","","","","","","","","","","","","","","","","","","","","","","","","","","","","","","","","","","","","","","","","","","","","","","","","","","","","","","","","",
"Bosnia and Herzegovina","BIH","Account ownership at a financial institution or with a mobile-money-service provider (% of population ages 15+)","FX.OWN.TOTL.ZS","","","","","","","","","","","","","","","","","","","","","","","","","","","","","","","","","","","","","","","","","","","","","","","","","","","","56.21","","","52.69","","","58.84","","","","79.34","","","",
"Belarus","BLR","Account ownership at a financial institution or with a mobile-money-service provider (% of population ages 15+)","FX.OWN.TOTL.ZS","","","","","","","","","","","","","","","","","","","","","","","","","","","","","","","","","","","","","","","","","","","","","","","","","","","","58.6","","","71.98","","","81.16","","","","","","","",
"Belize","BLZ","Account ownership at a financial institution or with a mobile-money-service provider (% of population ages 15+)","FX.OWN.TOTL.ZS","","","","","","","","","","","","","","","","","","","","","","","","","","","","","","","","","","","","","","","","","","","","","","","","","","","","","","","48.21","","","","","","","","","","",
"Bermuda","BMU","Account ownership at a financial institution or with a mobile-money-service provider (% of population ages 15+)","FX.OWN.TOTL.ZS","","","","","","","","","","","","","","","","","","","","","","","","","","","","","","","","","","","","","","","","","","","","","","","","","","","","","","","","","","","","","","","","","",
"Bolivia","BOL","Account ownership at a financial institution or with a mobile-money-service provider (% of population ages 15+)","FX.OWN.TOTL.ZS","","","","","","","","","","","","","","","","","","","","","","","","","","","","","","","","","","","","","","","","","","","","","","","","","","","","28.03","","","41.8","","","54.41","","","","68.89","","","",
"Brazil","BRA","Account ownership at a financial institution or with a mobile-money-service provider (% of population ages 15+)","FX.OWN.TOTL.ZS","","","","","","","","","","","","","","","","","","","","","","","","","","","","","","","","","","","","","","","","","","","","","","","","","","","","55.86","","","68.12","","","70.04","","","","84.04","","","",
"Barbados","BRB","Account ownership at a financial institution or with a mobile-money-service provider (% of population ages 15+)","FX.OWN.TOTL.ZS","","","","","","","","","","","","","","","","","","","","","","","","","","","","","","","","","","","","","","","","","","","","","","","","","","","","","","","","","","","","","","","","","",
"Brunei Darussalam","BRN","Account ownership at a financial institution or with a mobile-money-service provider (% of population ages 15+)","FX.OWN.TOTL.ZS","","","","","","","","","","","","","","","","","","","","","","","","","","","","","","","","","","","","","","","","","","","","","","","","","","","","","","","","","","","","","","","","","",
"Bhutan","BTN","Account ownership at a financial institution or with a mobile-money-service provider (% of population ages 15+)","FX.OWN.TOTL.ZS","","","","","","","","","","","","","","","","","","","","","","","","","","","","","","","","","","","","","","","","","","","","","","","","","","","","","","","33.67","","","","","","","","","","",
"Botswana","BWA","Account ownership at a financial institution or with a mobile-money-service provider (% of population ages 15+)","FX.OWN.TOTL.ZS","","","","","","","","","","","","","","","","","","","","","","","","","","","","","","","","","","","","","","","","","","","","","","","","","","","","30.26","","","51.96","","","51.03","","","","","58.76","","",
"Central African Republic","CAF","Account ownership at a financial institution or with a mobile-money-service provider (% of population ages 15+)","FX.OWN.TOTL.ZS","","","","","","","","","","","","","","","","","","","","","","","","","","","","","","","","","","","","","","","","","","","","","","","","","","","","3.3","","","","","","13.75","","","","","","","",
"Canada","CAN","Account ownership at a financial institution or with a mobile-money-service provider (% of population ages 15+)","FX.OWN.TOTL.ZS","","","","","","","","","","","","","","","","","","","","","","","","","","","","","","","","","","","","","","","","","","","","","","","","","","","","95.8","","","99.1","","","99.73","","","","99.63","","","",
"Central Europe and the Baltics","CEB","Account ownership at a financial institution or with a mobile-money-service provider (% of population ages 15+)","FX.OWN.TOTL.ZS","","","","","","","","","","","","","","","","","","","","","","","","","","","","","","","","","","","","","","","","","","","","","","","","","","","","","","","","","","","","","","","","","",
"Switzerland","CHE","Account ownership at a financial institution or with a mobile-money-service provider (% of population ages 15+)","FX.OWN.TOTL.ZS","","","","","","","","","","","","","","","","","","","","","","","","","","","","","","","","","","","","","","","","","","","","","","","","","","","","","","","97.99","","","98.43","","","","99.49","","","",
"Channel Islands","CHI","Account ownership at a financial institution or with a mobile-money-service provider (% of population ages 15+)","FX.OWN.TOTL.ZS","","","","","","","","","","","","","","","","","","","","","","","","","","","","","","","","","","","","","","","","","","","","","","","","","","","","","","","","","","","","","","","","","",
"Chile","CHL","Account ownership at a financial institution or with a mobile-money-service provider (% of population ages 15+)","FX.OWN.TOTL.ZS","","","","","","","","","","","","","","","","","","","","","","","","","","","","","","","","","","","","","","","","","","","","","","","","","","","","42.18","","","63.26","","","74.35","","","","87.06","","","",
"China","CHN","Account ownership at a financial institution or with a mobile-money-service provider (% of population ages 15+)","FX.OWN.TOTL.ZS","","","","","","","","","","","","","","","","","","","","","","","","","","","","","","","","","","","","","","","","","","","","","","","","","","","","63.82","","","78.93","","","79.53","","","","88.71","","","",
"Cote d'Ivoire","CIV","Account ownership at a financial institution or with a mobile-money-service provider (% of population ages 15+)","FX.OWN.TOTL.ZS","","","","","","","","","","","","","","","","","","","","","","","","","","","","","","","","","","","","","","","","","","","","","","","","","","","","","","","34.32","","","41.33","","","","50.76","","","",
"Cameroon","CMR","Account ownership at a financial institution or with a mobile-money-service provider (% of population ages 15+)","FX.OWN.TOTL.ZS","","","","","","","","","","","","","","","","","","","","","","","","","","","","","","","","","","","","","","","","","","","","","","","","","","","","14.81","","","12.18","","","34.59","","","","51.65","","","",
"Congo, Dem. Rep.","COD","Account ownership at a financial institution or with a mobile-money-service provider (% of population ages 15+)","FX.OWN.TOTL.ZS","","","","","","","","","","","","","","","","","","","","","","","","","","","","","","","","","","","","","","","","","","","","","","","","","","","","3.7","","","17.48","","","25.83","","","","","27.44","","",
"Congo, Rep.","COG","Account ownership at a financial institution or with a mobile-money-service provider (% of population ages 15+)","FX.OWN.TOTL.ZS","","","","","","","","","","","","","","","","","","","","","","","","","","","","","","","","","","","","","","","","","","","","","","","","","","","","10.05","","","17.07","","","26.09","","","","47.14","","","",
"Colombia","COL","Account ownership at a financial institution or with a mobile-money-service provider (% of population ages 15+)","FX.OWN.TOTL.ZS","","","","","","","","","","","","","","","","","","","","","","","","","","","","","","","","","","","","","","","","","","","","","","","","","","","","30.43","","","39","","","45.76","","","","59.72","","","",
"Comoros","COM","Account ownership at a financial institution or with a mobile-money-service provider (% of population ages 15+)","FX.OWN.TOTL.ZS","","","","","","","","","","","","","","","","","","","","","","","","","","","","","","","","","","","","","","","","","","","","","","","","","","","","21.69","","","","","","","","","","","34.25","","",
"Cabo Verde","CPV","Account ownership at a financial institution or with a mobile-money-service provider (% of population ages 15+)","FX.OWN.TOTL.ZS","","","","","","","","","","","","","","","","","","","","","","","","","","","","","","","","","","","","","","","","","","","","","","","","","","","","","","","","","","","","","","","","","",
"Costa Rica","CRI","Account ownership at a financial institution or with a mobile-money-service provider (% of population ages 15+)","FX.OWN.TOTL.ZS","","","","","","","","","","","","","","","","","","","","","","","","","","","","","","","","","","","","","","","","","","","","","","","","","","","","50.36","","","64.55","","","67.84","","","","68.49","","","",
"Caribbean small states","CSS","Account ownership at a financial institution or with a mobile-money-service provider (% of population ages 15+)","FX.OWN.TOTL.ZS","","","","","","","","","","","","","","","","","","","","","","","","","","","","","","","","","","","","","","","","","","","","","","","","","","","","","","","","","","","","","","","","","",
"Cuba","CUB","Account ownership at a financial institution or with a mobile-money-service provider (% of population ages 15+)","FX.OWN.TOTL.ZS","","","","","","","","","","","","","","","","","","","","","","","","","","","","","","","","","","","","","","","","","","","","","","","","","","","","","","","","","","","","","","","","","",
"Curacao","CUW","Account ownership at a financial institution or with a mobile-money-service provider (% of population ages 15+)","FX.OWN.TOTL.ZS","","","","","","","","","","","","","","","","","","","","","","","","","","","","","","","","","","","","","","","","","","","","","","","","","","","","","","","","","","","","","","","","","",
"Cayman Islands","CYM","Account ownership at a financial institution or with a mobile-money-service provider (% of population ages 15+)","FX.OWN.TOTL.ZS","","","","","","","","","","","","","","","","","","","","","","","","","","","","","","","","","","","","","","","","","","","","","","","","","","","","","","","","","","","","","","","","","",
"Cyprus","CYP","Account ownership at a financial institution or with a mobile-money-service provider (% of population ages 15+)","FX.OWN.TOTL.ZS","","","","","","","","","","","","","","","","","","","","","","","","","","","","","","","","","","","","","","","","","","","","","","","","","","","","85.24","","","90.15","","","88.72","","","","93.13","","","",
"Czechia","CZE","Account ownership at a financial institution or with a mobile-money-service provider (% of population ages 15+)","FX.OWN.TOTL.ZS","","","","","","","","","","","","","","","","","","","","","","","","","","","","","","","","","","","","","","","","","","","","","","","","","","","","80.65","","","82.18","","","80.99","","","","94.94","","","",
"Germany","DEU","Account ownership at a financial institution or with a mobile-money-service provider (% of population ages 15+)","FX.OWN.TOTL.ZS","","","","","","","","","","","","","","","","","","","","","","","","","","","","","","","","","","","","","","","","","","","","","","","","","","","","98.13","","","98.76","","","99.14","","","","99.98","","","",
"Djibouti","DJI","Account ownership at a financial institution or with a mobile-money-service provider (% of population ages 15+)","FX.OWN.TOTL.ZS","","","","","","","","","","","","","","","","","","","","","","","","","","","","","","","","","","","","","","","","","","","","","","","","","","","","12.27","","","","","","","","","","","","","",
"Dominica","DMA","Account ownership at a financial institution or with a mobile-money-service provider (% of population ages 15+)","FX.OWN.TOTL.ZS","","","","","","","","","","","","","","","","","","","","","","","","","","","","","","","","","","","","","","","","","","","","","","","","","","","","","","","","","","","","","","","","","",
"Denmark","DNK","Account ownership at a financial institution or with a mobile-money-service provider (% of population ages 15+)","FX.OWN.TOTL.ZS","","","","","","","","","","","","","","","","","","","","","","","","","","","","","","","","","","","","","","","","","","","","","","","","","","","","99.74","","","100","","","99.92","","","","100","","","",
"Dominican Republic","DOM","Account ownership at a financial institution or with a mobile-money-service provider (% of population ages 15+)","FX.OWN.TOTL.ZS","","","","","","","","","","","","","","","","","","","","","","","","","","","","","","","","","","","","","","","","","","","","","","","","","","","","38.2","","","54.09","","","56.24","","","","51.3","","","",
"Algeria","DZA","Account ownership at a financial institution or with a mobile-money-service provider (% of population ages 15+)","FX.OWN.TOTL.ZS","","","","","","","","","","","","","","","","","","","","","","","","","","","","","","","","","","","","","","","","","","","","","","","","","","","","33.29","","","50.48","","","42.78","","","","44.1","","","",
"East Asia & Pacific (excluding high income)","EAP","Account ownership at a financial institution or with a mobile-money-service provider (% of population ages 15+)","FX.OWN.TOTL.ZS","","","","","","","","","","","","","","","","","","","","","","","","","","","","","","","","","","","","","","","","","","","","","","","","","","","","54.99","","","68.92","","","70.37","","","","80.78","","","",
"Early-demographic dividend","EAR","Account ownership at a financial institution or with a mobile-money-service provider (% of population ages 15+)","FX.OWN.TOTL.ZS","","","","","","","","","","","","","","","","","","","","","","","","","","","","","","","","","","","","","","","","","","","","","","","","","","","","","","","","","","","","","","","","","",
"East Asia & Pacific","EAS","Account ownership at a financial institution or with a mobile-money-service provider (% of population ages 15+)","FX.OWN.TOTL.ZS","","","","","","","","","","","","","","","","","","","","","","","","","","","","","","","","","","","","","","","","","","","","","","","","","","","","59.81","","","71.86","","","73.39","","","","82.85","","","",
"Europe & Central Asia (excluding high income)","ECA","Account ownership at a financial institution or with a mobile-money-service provider (% of population ages 15+)","FX.OWN.TOTL.ZS","","","","","","","","","","","","","","","","","","","","","","","","","","","","","","","","","","","","","","","","","","","","","","","","","","","","44.39","","","57.56","","","65.14","","","","77.79","","","",
"Europe & Central Asia","ECS","Account ownership at a financial institution or with a mobile-money-service provider (% of population ages 15+)","FX.OWN.TOTL.ZS","","","","","","","","","","","","","","","","","","","","","","","","","","","","","","","","","","","","","","","","","","","","","","","","","","","","69.34","","","77.79","","","81.49","","","","89.57","","","",
"Ecuador","ECU","Account ownership at a financial institution or with a mobile-money-service provider (% of population ages 15+)","FX.OWN.TOTL.ZS","","","","","","","","","","","","","","","","","","","","","","","","","","","","","","","","","","","","","","","","","","","","","","","","","","","","36.74","","","46.21","","","51.25","","","","64.18","","","",
"Egypt, Arab Rep.","EGY","Account ownership at a financial institution or with a mobile-money-service provider (% of population ages 15+)","FX.OWN.TOTL.ZS","","","","","","","","","","","","","","","","","","","","","","","","","","","","","","","","","","","","","","","","","","","","","","","","","","","","9.72","","","14.13","","","32.78","","","","27.44","","","",
"Euro area","EMU","Account ownership at a financial institution or with a mobile-money-service provider (% of population ages 15+)","FX.OWN.TOTL.ZS","","","","","","","","","","","","","","","","","","","","","","","","","","","","","","","","","","","","","","","","","","","","","","","","","","","","90.42","","","94.68","","","95.3","","","","98.51","","","",
"Eritrea","ERI","Account ownership at a financial institution or with a mobile-money-service provider (% of population ages 15+)","FX.OWN.TOTL.ZS","","","","","","","","","","","","","","","","","","","","","","","","","","","","","","","","","","","","","","","","","","","","","","","","","","","","","","","","","","","","","","","","","",
"Spain","ESP","Account ownership at a financial institution or with a mobile-money-service provider (% of population ages 15+)","FX.OWN.TOTL.ZS","","","","","","","","","","","","","","","","","","","","","","","","","","","","","","","","","","","","","","","","","","","","","","","","","","","","93.28","","","97.58","","","93.76","","","","98.3","","","",
"Estonia","EST","Account ownership at a financial institution or with a mobile-money-service provider (% of population ages 15+)","FX.OWN.TOTL.ZS","","","","","","","","","","","","","","","","","","","","","","","","","","","","","","","","","","","","","","","","","","","","","","","","","","","","96.82","","","97.67","","","97.99","","","","99.38","","","",
"Ethiopia","ETH","Account ownership at a financial institution or with a mobile-money-service provider (% of population ages 15+)","FX.OWN.TOTL.ZS","","","","","","","","","","","","","","","","","","","","","","","","","","","","","","","","","","","","","","","","","","","","","","","","","","","","","","","21.79","","","34.83","","","","","46.48","","",
"European Union","EUU","Account ownership at a financial institution or with a mobile-money-service provider (% of population ages 15+)","FX.OWN.TOTL.ZS","","","","","","","","","","","","","","","","","","","","","","","","","","","","","","","","","","","","","","","","","","","","","","","","","","","","","","","","","","","","","","","","","",
"Fragile and conflict affected situations","FCS","Account ownership at a financial institution or with a mobile-money-service provider (% of population ages 15+)","FX.OWN.TOTL.ZS","","","","","","","","","","","","","","","","","","","","","","","","","","","","","","","","","","","","","","","","","","","","","","","","","","","","","","","","","","","","","","","","","",
"Finland","FIN","Account ownership at a financial institution or with a mobile-money-service provider (% of population ages 15+)","FX.OWN.TOTL.ZS","","","","","","","","","","","","","","","","","","","","","","","","","","","","","","","","","","","","","","","","","","","","","","","","","","","","99.65","","","100","","","99.79","","","","99.53","","","",
"Fiji","FJI","Account ownership at a financial institution or with a mobile-money-service provider (% of population ages 15+)","FX.OWN.TOTL.ZS","","","","","","","","","","","","","","","","","","","","","","","","","","","","","","","","","","","","","","","","","","","","","","","","","","","","","","","","","","","","","","","","","",
"France","FRA","Account ownership at a financial institution or with a mobile-money-service provider (% of population ages 15+)","FX.OWN.TOTL.ZS","","","","","","","","","","","","","","","","","","","","","","","","","","","","","","","","","","","","","","","","","","","","","","","","","","","","96.98","","","96.58","","","94","","","","99.24","","","",
"Faroe Islands","FRO","Account ownership at a financial institution or with a mobile-money-service provider (% of population ages 15+)","FX.OWN.TOTL.ZS","","","","","","","","","","","","","","","","","","","","","","","","","","","","","","","","","","","","","","","","","","","","","","","","","","","","","","","","","","","","","","","","","",
"Micronesia, Fed. Sts.","FSM","Account ownership at a financial institution or with a mobile-money-service provider (% of population ages 15+)","FX.OWN.TOTL.ZS","","","","","","","","","","","","","","","","","","","","","","","","","","","","","","","","","","","","","","","","","","","","","","","","","","","","","","","","","","","","","","","","","",
"Gabon","GAB","Account ownership at a financial institution or with a mobile-money-service provider (% of population ages 15+)","FX.OWN.TOTL.ZS","","","","","","","","","","","","","","","","","","","","","","","","","","","","","","","","","","","","","","","","","","","","","","","","","","","","18.95","","","33.01","","","58.6","","","","66.09","","","",
"United Kingdom","GBR","Account ownership at a financial institution or with a mobile-money-service provider (% of population ages 15+)","FX.OWN.TOTL.ZS","","","","","","","","","","","","","","","","","","","","","","","","","","","","","","","","","","","","","","","","","","","","","","","","","","","","97.2","","","98.93","","","96.37","","","","99.76","","","",
"Georgia","GEO","Account ownership at a financial institution or with a mobile-money-service provider (% of population ages 15+)","FX.OWN.TOTL.ZS","","","","","","","","","","","","","","","","","","","","","","","","","","","","","","","","","","","","","","","","","","","","","","","","","","","","32.98","","","39.67","","","61.23","","","","70.5","","","",
"Ghana","GHA","Account ownership at a financial institution or with a mobile-money-service provider (% of population ages 15+)","FX.OWN.TOTL.ZS","","","","","","","","","","","","","","","","","","","","","","","","","","","","","","","","","","","","","","","","","","","","","","","","","","","","29.43","","","40.51","","","57.72","","","","68.23","","","",
"Gibraltar","GIB","Account ownership at a financial institution or with a mobile-money-service provider (% of population ages 15+)","FX.OWN.TOTL.ZS","","","","","","","","","","","","","","","","","","","","","","","","","","","","","","","","","","","","","","","","","","","","","","","","","","","","","","","","","","","","","","","","","",
"Guinea","GIN","Account ownership at a financial institution or with a mobile-money-service provider (% of population ages 15+)","FX.OWN.TOTL.ZS","","","","","","","","","","","","","","","","","","","","","","","","","","","","","","","","","","","","","","","","","","","","","","","","","","","","3.69","","","6.96","","","23.49","","","","30.44","","","",
"Gambia, The","GMB","Account ownership at a financial institution or with a mobile-money-service provider (% of population ages 15+)","FX.OWN.TOTL.ZS","","","","","","","","","","","","","","","","","","","","","","","","","","","","","","","","","","","","","","","","","","","","","","","","","","","","","","","","","","28.56","","","","","33.01","","",
"Guinea-Bissau","GNB","Account ownership at a financial institution or with a mobile-money-service provider (% of population ages 15+)","FX.OWN.TOTL.ZS","","","","","","","","","","","","","","","","","","","","","","","","","","","","","","","","","","","","","","","","","","","","","","","","","","","","","","","","","","","","","","","","","",
"Equatorial Guinea","GNQ","Account ownership at a financial institution or with a mobile-money-service provider (% of population ages 15+)","FX.OWN.TOTL.ZS","","","","","","","","","","","","","","","","","","","","","","","","","","","","","","","","","","","","","","","","","","","","","","","","","","","","","","","","","","","","","","","","","",
"Greece","GRC","Account ownership at a financial institution or with a mobile-money-service provider (% of population ages 15+)","FX.OWN.TOTL.ZS","","","","","","","","","","","","","","","","","","","","","","","","","","","","","","","","","","","","","","","","","","","","","","","","","","","","77.94","","","87.52","","","85.47","","","","94.88","","","",
"Grenada","GRD","Account ownership at a financial institution or with a mobile-money-service provider (% of population ages 15+)","FX.OWN.TOTL.ZS","","","","","","","","","","","","","","","","","","","","","","","","","","","","","","","","","","","","","","","","","","","","","","","","","","","","","","","","","","","","","","","","","",
"Greenland","GRL","Account ownership at a financial institution or with a mobile-money-service provider (% of population ages 15+)","FX.OWN.TOTL.ZS","","","","","","","","","","","","","","","","","","","","","","","","","","","","","","","","","","","","","","","","","","","","","","","","","","","","","","","","","","","","","","","","","",
"Guatemala","GTM","Account ownership at a financial institution or with a mobile-money-service provider (% of population ages 15+)","FX.OWN.TOTL.ZS","","","","","","","","","","","","","","","","","","","","","","","","","","","","","","","","","","","","","","","","","","","","","","","","","","","","22.32","","","41.35","","","44.11","","","","","36.98","","",
"Guam","GUM","Account ownership at a financial institution or with a mobile-money-service provider (% of population ages 15+)","FX.OWN.TOTL.ZS","","","","","","","","","","","","","","","","","","","","","","","","","","","","","","","","","","","","","","","","","","","","","","","","","","","","","","","","","","","","","","","","","",
"Guyana","GUY","Account ownership at a financial institution or with a mobile-money-service provider (% of population ages 15+)","FX.OWN.TOTL.ZS","","","","","","","","","","","","","","","","","","","","","","","","","","","","","","","","","","","","","","","","","","","","","","","","","","","","","","","","","","","","","","","","","",
"High income","HIC","Account ownership at a financial institution or with a mobile-money-service provider (% of population ages 15+)","FX.OWN.TOTL.ZS","","","","","","","","","","","","","","","","","","","","","","","","","","","","","","","","","","","","","","","","","","","","","","","","","","","","88.24","","","92.79","","","93.67","","","","96.36","","","",
"Hong Kong SAR, China","HKG","Account ownership at a financial institution or with a mobile-money-service provider (% of population ages 15+)","FX.OWN.TOTL.ZS","","","","","","","","","","","","","","","","","","","","","","","","","","","","","","","","","","","","","","","","","","","","","","","","","","","","88.69","","","96.15","","","95.28","","","","97.8","","","",
"Honduras","HND","Account ownership at a financial institution or with a mobile-money-service provider (% of population ages 15+)","FX.OWN.TOTL.ZS","","","","","","","","","","","","","","","","","","","","","","","","","","","","","","","","","","","","","","","","","","","","","","","","","","","","20.51","","","31.49","","","45.34","","","","37.85","","","",
"Heavily indebted poor countries (HIPC)","HPC","Account ownership at a financial institution or with a mobile-money-service provider (% of population ages 15+)","FX.OWN.TOTL.ZS","","","","","","","","","","","","","","","","","","","","","","","","","","","","","","","","","","","","","","","","","","","","","","","","","","","","","","","","","","","","","","","","","",
"Croatia","HRV","Account ownership at a financial institution or with a mobile-money-service provider (% of population ages 15+)","FX.OWN.TOTL.ZS","","","","","","","","","","","","","","","","","","","","","","","","","","","","","","","","","","","","","","","","","","","","","","","","","","","","88.39","","","86.03","","","86.14","","","","91.8","","","",
"Haiti","HTI","Account ownership at a financial institution or with a mobile-money-service provider (% of population ages 15+)","FX.OWN.TOTL.ZS","","","","","","","","","","","","","","","","","","","","","","","","","","","","","","","","","","","","","","","","","","","","","","","","","","","","22.01","","","18.86","","","32.62","","","","","","","",
"Hungary","HUN","Account ownership at a financial institution or with a mobile-money-service provider (% of population ages 15+)","FX.OWN.TOTL.ZS","","","","","","","","","","","","","","","","","","","","","","","","","","","","","","","","","","","","","","","","","","","","","","","","","","","","72.67","","","72.26","","","74.94","","","","88.22","","","",
"IBRD only","IBD","Account ownership at a financial institution or with a mobile-money-service provider (% of population ages 15+)","FX.OWN.TOTL.ZS","","","","","","","","","","","","","","","","","","","","","","","","","","","","","","","","","","","","","","","","","","","","","","","","","","","","","","","","","","","","","","","","","",
"IDA & IBRD total","IBT","Account ownership at a financial institution or with a mobile-money-service provider (% of population ages 15+)","FX.OWN.TOTL.ZS","","","","","","","","","","","","","","","","","","","","","","","","","","","","","","","","","","","","","","","","","","","","","","","","","","","","","","","","","","","","","","","","","",
"IDA total","IDA","Account ownership at a financial institution or with a mobile-money-service provider (% of population ages 15+)","FX.OWN.TOTL.ZS","","","","","","","","","","","","","","","","","","","","","","","","","","","","","","","","","","","","","","","","","","","","","","","","","","","","","","","","","","","","","","","","","",
"IDA blend","IDB","Account ownership at a financial institution or with a mobile-money-service provider (% of population ages 15+)","FX.OWN.TOTL.ZS","","","","","","","","","","","","","","","","","","","","","","","","","","","","","","","","","","","","","","","","","","","","","","","","","","","","","","","","","","","","","","","","","",
"Indonesia","IDN","Account ownership at a financial institution or with a mobile-money-service provider (% of population ages 15+)","FX.OWN.TOTL.ZS","","","","","","","","","","","","","","","","","","","","","","","","","","","","","","","","","","","","","","","","","","","","","","","","","","","","19.58","","","36.06","","","48.86","","","","51.76","","","",
"IDA only","IDX","Account ownership at a financial institution or with a mobile-money-service provider (% of population ages 15+)","FX.OWN.TOTL.ZS","","","","","","","","","","","","","","","","","","","","","","","","","","","","","","","","","","","","","","","","","","","","","","","","","","","","","","","","","","","","","","","","","",
"Isle of Man","IMN","Account ownership at a financial institution or with a mobile-money-service provider (% of population ages 15+)","FX.OWN.TOTL.ZS","","","","","","","","","","","","","","","","","","","","","","","","","","","","","","","","","","","","","","","","","","","","","","","","","","","","","","","","","","","","","","","","","",
"India","IND","Account ownership at a financial institution or with a mobile-money-service provider (% of population ages 15+)","FX.OWN.TOTL.ZS","","","","","","","","","","","","","","","","","","","","","","","","","","","","","","","","","","","","","","","","","","","","","","","","","","","","35.23","","","53.14","","","79.88","","","","77.53","","","",
"Not classified","INX","Account ownership at a financial institution or with a mobile-money-service provider (% of population ages 15+)","FX.OWN.TOTL.ZS","","","","","","","","","","","","","","","","","","","","","","","","","","","","","","","","","","","","","","","","","","","","","","","","","","","","","","","","","","","","","","","","","",
"Ireland","IRL","Account ownership at a financial institution or with a mobile-money-service provider (% of population ages 15+)","FX.OWN.TOTL.ZS","","","","","","","","","","","","","","","","","","","","","","","","","","","","","","","","","","","","","","","","","","","","","","","","","","","","93.89","","","94.71","","","95.34","","","","99.66","","","",
"Iran, Islamic Rep.","IRN","Account ownership at a financial institution or with a mobile-money-service provider (% of population ages 15+)","FX.OWN.TOTL.ZS","","","","","","","","","","","","","","","","","","","","","","","","","","","","","","","","","","","","","","","","","","","","","","","","","","","","73.68","","","92.28","","","93.98","","","","89.98","","","",
"Iraq","IRQ","Account ownership at a financial institution or with a mobile-money-service provider (% of population ages 15+)","FX.OWN.TOTL.ZS","","","","","","","","","","","","","","","","","","","","","","","","","","","","","","","","","","","","","","","","","","","","","","","","","","","","10.55","","","10.97","","","22.67","","","","18.57","","","",
"Iceland","ISL","Account ownership at a financial institution or with a mobile-money-service provider (% of population ages 15+)","FX.OWN.TOTL.ZS","","","","","","","","","","","","","","","","","","","","","","","","","","","","","","","","","","","","","","","","","","","","","","","","","","","","","","","","","","","","","","100","","","",
"Israel","ISR","Account ownership at a financial institution or with a mobile-money-service provider (% of population ages 15+)","FX.OWN.TOTL.ZS","","","","","","","","","","","","","","","","","","","","","","","","","","","","","","","","","","","","","","","","","","","","","","","","","","","","90.47","","","89.95","","","92.81","","","","92.93","","","",
"Italy","ITA","Account ownership at a financial institution or with a mobile-money-service provider (% of population ages 15+)","FX.OWN.TOTL.ZS","","","","","","","","","","","","","","","","","","","","","","","","","","","","","","","","","","","","","","","","","","","","","","","","","","","","71.01","","","87.33","","","93.79","","","","97.29","","","",
"Jamaica","JAM","Account ownership at a financial institution or with a mobile-money-service provider (% of population ages 15+)","FX.OWN.TOTL.ZS","","","","","","","","","","","","","","","","","","","","","","","","","","","","","","","","","","","","","","","","","","","","","","","","","","","","70.99","","","78.46","","","","","","","73.3","","","",
"Jordan","JOR","Account ownership at a financial institution or with a mobile-money-service provider (% of population ages 15+)","FX.OWN.TOTL.ZS","","","","","","","","","","","","","","","","","","","","","","","","","","","","","","","","","","","","","","","","","","","","","","","","","","","","25.47","","","24.62","","","42.49","","","","47.12","","","",
"Japan","JPN","Account ownership at a financial institution or with a mobile-money-service provider (% of population ages 15+)","FX.OWN.TOTL.ZS","","","","","","","","","","","","","","","","","","","","","","","","","","","","","","","","","","","","","","","","","","","","","","","","","","","","96.42","","","96.65","","","98.24","","","","98.49","","","",
"Kazakhstan","KAZ","Account ownership at a financial institution or with a mobile-money-service provider (% of population ages 15+)","FX.OWN.TOTL.ZS","","","","","","","","","","","","","","","","","","","","","","","","","","","","","","","","","","","","","","","","","","","","","","","","","","","","42.11","","","53.91","","","58.7","","","","81.11","","","",
"Kenya","KEN","Account ownership at a financial institution or with a mobile-money-service provider (% of population ages 15+)","FX.OWN.TOTL.ZS","","","","","","","","","","","","","","","","","","","","","","","","","","","","","","","","","","","","","","","","","","","","","","","","","","","","42.34","","","74.66","","","81.57","","","","79.2","","","",
"Kyrgyz Republic","KGZ","Account ownership at a financial institution or with a mobile-money-service provider (% of population ages 15+)","FX.OWN.TOTL.ZS","","","","","","","","","","","","","","","","","","","","","","","","","","","","","","","","","","","","","","","","","","","","","","","","","","","","3.76","","","18.47","","","39.94","","","","45.09","","","",
"Cambodia","KHM","Account ownership at a financial institution or with a mobile-money-service provider (% of population ages 15+)","FX.OWN.TOTL.ZS","","","","","","","","","","","","","","","","","","","","","","","","","","","","","","","","","","","","","","","","","","","","","","","","","","","","3.66","","","22.17","","","21.67","","","","33.39","","","",
"Kiribati","KIR","Account ownership at a financial institution or with a mobile-money-service provider (% of population ages 15+)","FX.OWN.TOTL.ZS","","","","","","","","","","","","","","","","","","","","","","","","","","","","","","","","","","","","","","","","","","","","","","","","","","","","","","","","","","","","","","","","","",
"St. Kitts and Nevis","KNA","Account ownership at a financial institution or with a mobile-money-service provider (% of population ages 15+)","FX.OWN.TOTL.ZS","","","","","","","","","","","","","","","","","","","","","","","","","","","","","","","","","","","","","","","","","","","","","","","","","","","","","","","","","","","","","","","","","",
"Korea, Rep.","KOR","Account ownership at a financial institution or with a mobile-money-service provider (% of population ages 15+)","FX.OWN.TOTL.ZS","","","","","","","","","","","","","","","","","","","","","","","","","","","","","","","","","","","","","","","","","","","","","","","","","","","","93.05","","","94.36","","","94.85","","","","98.67","","","",
"Kuwait","KWT","Account ownership at a financial institution or with a mobile-money-service provider (% of population ages 15+)","FX.OWN.TOTL.ZS","","","","","","","","","","","","","","","","","","","","","","","","","","","","","","","","","","","","","","","","","","","","","","","","","","","","86.77","","","72.91","","","79.84","","","","","","","",
"Latin America & Caribbean (excluding high income)","LAC","Account ownership at a financial institution or with a mobile-money-service provider (% of population ages 15+)","FX.OWN.TOTL.ZS","","","","","","","","","","","","","","","","","","","","","","","","","","","","","","","","","","","","","","","","","","","","","","","","","","","","39.39","","","51.56","","","54.49","","","","72.95","","","",
"Lao PDR","LAO","Account ownership at a financial institution or with a mobile-money-service provider (% of population ages 15+)","FX.OWN.TOTL.ZS","","","","","","","","","","","","","","","","","","","","","","","","","","","","","","","","","","","","","","","","","","","","","","","","","","","","26.77","","","","","","29.06","","","","37.32","","","",
"Lebanon","LBN","Account ownership at a financial institution or with a mobile-money-service provider (% of population ages 15+)","FX.OWN.TOTL.ZS","","","","","","","","","","","","","","","","","","","","","","","","","","","","","","","","","","","","","","","","","","","","","","","","","","","","37.03","","","46.93","","","44.75","","","","20.7","","","",
"Liberia","LBR","Account ownership at a financial institution or with a mobile-money-service provider (% of population ages 15+)","FX.OWN.TOTL.ZS","","","","","","","","","","","","","","","","","","","","","","","","","","","","","","","","","","","","","","","","","","","","","","","","","","","","18.8","","","","","","35.71","","","","51.63","","","",
"Libya","LBY","Account ownership at a financial institution or with a mobile-money-service provider (% of population ages 15+)","FX.OWN.TOTL.ZS","","","","","","","","","","","","","","","","","","","","","","","","","","","","","","","","","","","","","","","","","","","","","","","","","","","","","","","","","","65.67","","","","","","","",
"St. Lucia","LCA","Account ownership at a financial institution or with a mobile-money-service provider (% of population ages 15+)","FX.OWN.TOTL.ZS","","","","","","","","","","","","","","","","","","","","","","","","","","","","","","","","","","","","","","","","","","","","","","","","","","","","","","","","","","","","","","","","","",
"Latin America & Caribbean","LCN","Account ownership at a financial institution or with a mobile-money-service provider (% of population ages 15+)","FX.OWN.TOTL.ZS","","","","","","","","","","","","","","","","","","","","","","","","","","","","","","","","","","","","","","","","","","","","","","","","","","","","39.47","","","52.02","","","55.24","","","","73.55","","","",
"Least developed countries: UN classification","LDC","Account ownership at a financial institution or with a mobile-money-service provider (% of population ages 15+)","FX.OWN.TOTL.ZS","","","","","","","","","","","","","","","","","","","","","","","","","","","","","","","","","","","","","","","","","","","","","","","","","","","","","","","","","","","","","","","","","",
"Low income","LIC","Account ownership at a financial institution or with a mobile-money-service provider (% of population ages 15+)","FX.OWN.TOTL.ZS","","","","","","","","","","","","","","","","","","","","","","","","","","","","","","","","","","","","","","","","","","","","","","","","","","","","10.05","","","18.74","","","31.53","","","","38.99","","","",
"Liechtenstein","LIE","Account ownership at a financial institution or with a mobile-money-service provider (% of population ages 15+)","FX.OWN.TOTL.ZS","","","","","","","","","","","","","","","","","","","","","","","","","","","","","","","","","","","","","","","","","","","","","","","","","","","","","","","","","","","","","","","","","",
"Sri Lanka","LKA","Account ownership at a financial institution or with a mobile-money-service provider (% of population ages 15+)","FX.OWN.TOTL.ZS","","","","","","","","","","","","","","","","","","","","","","","","","","","","","","","","","","","","","","","","","","","","","","","","","","","","68.53","","","82.69","","","73.65","","","","89.27","","","",
"Lower middle income","LMC","Account ownership at a financial institution or with a mobile-money-service provider (% of population ages 15+)","FX.OWN.TOTL.ZS","","","","","","","","","","","","","","","","","","","","","","","","","","","","","","","","","","","","","","","","","","","","","","","","","","","","30.45","","","43.7","","","58.27","","","","62.38","","","",
"Low & middle income","LMY","Account ownership at a financial institution or with a mobile-money-service provider (% of population ages 15+)","FX.OWN.TOTL.ZS","","","","","","","","","","","","","","","","","","","","","","","","","","","","","","","","","","","","","","","","","","","","","","","","","","","","41.66","","","54.99","","","62.98","","","","71.38","","","",
"Lesotho","LSO","Account ownership at a financial institution or with a mobile-money-service provider (% of population ages 15+)","FX.OWN.TOTL.ZS","","","","","","","","","","","","","","","","","","","","","","","","","","","","","","","","","","","","","","","","","","","","","","","","","","","","18.5","","","","","","45.56","","","","","63.63","","",
"Late-demographic dividend","LTE","Account ownership at a financial institution or with a mobile-money-service provider (% of population ages 15+)","FX.OWN.TOTL.ZS","","","","","","","","","","","","","","","","","","","","","","","","","","","","","","","","","","","","","","","","","","","","","","","","","","","","","","","","","","","","","","","","","",
"Lithuania","LTU","Account ownership at a financial institution or with a mobile-money-service provider (% of population ages 15+)","FX.OWN.TOTL.ZS","","","","","","","","","","","","","","","","","","","","","","","","","","","","","","","","","","","","","","","","","","","","","","","","","","","","73.76","","","77.91","","","82.88","","","","93.53","","","",
"Luxembourg","LUX","Account ownership at a financial institution or with a mobile-money-service provider (% of population ages 15+)","FX.OWN.TOTL.ZS","","","","","","","","","","","","","","","","","","","","","","","","","","","","","","","","","","","","","","","","","","","","","","","","","","","","94.59","","","96.17","","","98.77","","","","","","","",
"Latvia","LVA","Account ownership at a financial institution or with a mobile-money-service provider (% of population ages 15+)","FX.OWN.TOTL.ZS","","","","","","","","","","","","","","","","","","","","","","","","","","","","","","","","","","","","","","","","","","","","","","","","","","","","89.66","","","90.22","","","93.22","","","","96.62","","","",
"Macao SAR, China","MAC","Account ownership at a financial institution or with a mobile-money-service provider (% of population ages 15+)","FX.OWN.TOTL.ZS","","","","","","","","","","","","","","","","","","","","","","","","","","","","","","","","","","","","","","","","","","","","","","","","","","","","","","","","","","","","","","","","","",
"St. Martin (French part)","MAF","Account ownership at a financial institution or with a mobile-money-service provider (% of population ages 15+)","FX.OWN.TOTL.ZS","","","","","","","","","","","","","","","","","","","","","","","","","","","","","","","","","","","","","","","","","","","","","","","","","","","","","","","","","","","","","","","","","",
"Morocco","MAR","Account ownership at a financial institution or with a mobile-money-service provider (% of population ages 15+)","FX.OWN.TOTL.ZS","","","","","","","","","","","","","","","","","","","","","","","","","","","","","","","","","","","","","","","","","","","","","","","","","","","","","","","","","","28.64","","","","44.37","","","",
"Monaco","MCO","Account ownership at a financial institution or with a mobile-money-service provider (% of population ages 15+)","FX.OWN.TOTL.ZS","","","","","","","","","","","","","","","","","","","","","","","","","","","","","","","","","","","","","","","","","","","","","","","","","","","","","","","","","","","","","","","","","",
"Moldova","MDA","Account ownership at a financial institution or with a mobile-money-service provider (% of population ages 15+)","FX.OWN.TOTL.ZS","","","","","","","","","","","","","","","","","","","","","","","","","","","","","","","","","","","","","","","","","","","","","","","","","","","","18.07","","","17.76","","","43.79","","","","64.25","","","",
"Madagascar","MDG","Account ownership at a financial institution or with a mobile-money-service provider (% of population ages 15+)","FX.OWN.TOTL.ZS","","","","","","","","","","","","","","","","","","","","","","","","","","","","","","","","","","","","","","","","","","","","","","","","","","","","5.52","","","8.55","","","17.87","","","","","26.3","","",
"Maldives","MDV","Account ownership at a financial institution or with a mobile-money-service provider (% of population ages 15+)","FX.OWN.TOTL.ZS","","","","","","","","","","","","","","","","","","","","","","","","","","","","","","","","","","","","","","","","","","","","","","","","","","","","","","","","","","79.55","","","","","","","",
"Middle East, North Africa, Afghanistan & Pakistan","MEA","Account ownership at a financial institution or with a mobile-money-service provider (% of population ages 15+)","FX.OWN.TOTL.ZS","","","","","","","","","","","","","","","","","","","","","","","","","","","","","","","","","","","","","","","","","","","","","","","","","","","","37.76","","","","","","47.51","","","","52.84","","","",
"Mexico","MEX","Account ownership at a financial institution or with a mobile-money-service provider (% of population ages 15+)","FX.OWN.TOTL.ZS","","","","","","","","","","","","","","","","","","","","","","","","","","","","","","","","","","","","","","","","","","","","","","","","","","","","27.43","","","39.14","","","36.93","","","","","48.97","","",
"Marshall Islands","MHL","Account ownership at a financial institution or with a mobile-money-service provider (% of population ages 15+)","FX.OWN.TOTL.ZS","","","","","","","","","","","","","","","","","","","","","","","","","","","","","","","","","","","","","","","","","","","","","","","","","","","","","","","","","","","","","","","","","",
"Middle income","MIC","Account ownership at a financial institution or with a mobile-money-service provider (% of population ages 15+)","FX.OWN.TOTL.ZS","","","","","","","","","","","","","","","","","","","","","","","","","","","","","","","","","","","","","","","","","","","","","","","","","","","","43.33","","","57.26","","","64.86","","","","72.37","","","",
"North Macedonia","MKD","Account ownership at a financial institution or with a mobile-money-service provider (% of population ages 15+)","FX.OWN.TOTL.ZS","","","","","","","","","","","","","","","","","","","","","","","","","","","","","","","","","","","","","","","","","","","","","","","","","","","","73.7","","","71.8","","","76.57","","","","85.29","","","",
"Mali","MLI","Account ownership at a financial institution or with a mobile-money-service provider (% of population ages 15+)","FX.OWN.TOTL.ZS","","","","","","","","","","","","","","","","","","","","","","","","","","","","","","","","","","","","","","","","","","","","","","","","","","","","8.21","","","20.08","","","35.42","","","","43.5","","","",
"Malta","MLT","Account ownership at a financial institution or with a mobile-money-service provider (% of population ages 15+)","FX.OWN.TOTL.ZS","","","","","","","","","","","","","","","","","","","","","","","","","","","","","","","","","","","","","","","","","","","","","","","","","","","","95.27","","","96.33","","","97.36","","","","96.45","","","",
"Myanmar","MMR","Account ownership at a financial institution or with a mobile-money-service provider (% of population ages 15+)","FX.OWN.TOTL.ZS","","","","","","","","","","","","","","","","","","","","","","","","","","","","","","","","","","","","","","","","","","","","","","","","","","","","","","","22.78","","","25.99","","","","47.79","","","",
"Middle East, North Africa, Afghanistan & Pakistan (excluding high income)","MNA","Account ownership at a financial institution or with a mobile-money-service provider (% of population ages 15+)","FX.OWN.TOTL.ZS","","","","","","","","","","","","","","","","","","","","","","","","","","","","","","","","","","","","","","","","","","","","","","","","","","","","32.96","","","","","","43.42","","","","48.09","","","",
"Montenegro","MNE","Account ownership at a financial institution or with a mobile-money-service provider (% of population ages 15+)","FX.OWN.TOTL.ZS","","","","","","","","","","","","","","","","","","","","","","","","","","","","","","","","","","","","","","","","","","","","","","","","","","","","50.44","","","59.83","","","68.36","","","","","","","",
"Mongolia","MNG","Account ownership at a financial institution or with a mobile-money-service provider (% of population ages 15+)","FX.OWN.TOTL.ZS","","","","","","","","","","","","","","","","","","","","","","","","","","","","","","","","","","","","","","","","","","","","","","","","","","","","77.72","","","91.82","","","92.97","","","","98.46","","","",
"Northern Mariana Islands","MNP","Account ownership at a financial institution or with a mobile-money-service provider (% of population ages 15+)","FX.OWN.TOTL.ZS","","","","","","","","","","","","","","","","","","","","","","","","","","","","","","","","","","","","","","","","","","","","","","","","","","","","","","","","","","","","","","","","","",
"Mozambique","MOZ","Account ownership at a financial institution or with a mobile-money-service provider (% of population ages 15+)","FX.OWN.TOTL.ZS","","","","","","","","","","","","","","","","","","","","","","","","","","","","","","","","","","","","","","","","","","","","","","","","","","","","","","","","","","41.67","","","","49.49","","","",
"Mauritania","MRT","Account ownership at a financial institution or with a mobile-money-service provider (% of population ages 15+)","FX.OWN.TOTL.ZS","","","","","","","","","","","","","","","","","","","","","","","","","","","","","","","","","","","","","","","","","","","","","","","","","","","","17.46","","","22.87","","","20.87","","","","","23.46","","",
"Mauritius","MUS","Account ownership at a financial institution or with a mobile-money-service provider (% of population ages 15+)","FX.OWN.TOTL.ZS","","","","","","","","","","","","","","","","","","","","","","","","","","","","","","","","","","","","","","","","","","","","","","","","","","","","80.12","","","82.21","","","89.84","","","","90.53","","","",
"Malawi","MWI","Account ownership at a financial institution or with a mobile-money-service provider (% of population ages 15+)","FX.OWN.TOTL.ZS","","","","","","","","","","","","","","","","","","","","","","","","","","","","","","","","","","","","","","","","","","","","","","","","","","","","16.54","","","18.09","","","33.71","","","","42.71","","","",
"Malaysia","MYS","Account ownership at a financial institution or with a mobile-money-service provider (% of population ages 15+)","FX.OWN.TOTL.ZS","","","","","","","","","","","","","","","","","","","","","","","","","","","","","","","","","","","","","","","","","","","","","","","","","","","","66.17","","","80.67","","","85.34","","","","88.37","","","",
"North America","NAC","Account ownership at a financial institution or with a mobile-money-service provider (% of population ages 15+)","FX.OWN.TOTL.ZS","","","","","","","","","","","","","","","","","","","","","","","","","","","","","","","","","","","","","","","","","","","","","","","","","","","","88.77","","","94.16","","","93.81","","","","95.45","","","",
"Namibia","NAM","Account ownership at a financial institution or with a mobile-money-service provider (% of population ages 15+)","FX.OWN.TOTL.ZS","","","","","","","","","","","","","","","","","","","","","","","","","","","","","","","","","","","","","","","","","","","","","","","","","","","","","","","58.83","","","80.63","","","","71.35","","","",
"New Caledonia","NCL","Account ownership at a financial institution or with a mobile-money-service provider (% of population ages 15+)","FX.OWN.TOTL.ZS","","","","","","","","","","","","","","","","","","","","","","","","","","","","","","","","","","","","","","","","","","","","","","","","","","","","","","","","","","","","","","","","","",
"Niger","NER","Account ownership at a financial institution or with a mobile-money-service provider (% of population ages 15+)","FX.OWN.TOTL.ZS","","","","","","","","","","","","","","","","","","","","","","","","","","","","","","","","","","","","","","","","","","","","","","","","","","","","1.52","","","6.71","","","15.52","","","","","11.69","","",
"Nigeria","NGA","Account ownership at a financial institution or with a mobile-money-service provider (% of population ages 15+)","FX.OWN.TOTL.ZS","","","","","","","","","","","","","","","","","","","","","","","","","","","","","","","","","","","","","","","","","","","","","","","","","","","","29.67","","","44.44","","","39.67","","","","45.32","","","",
"Nicaragua","NIC","Account ownership at a financial institution or with a mobile-money-service provider (% of population ages 15+)","FX.OWN.TOTL.ZS","","","","","","","","","","","","","","","","","","","","","","","","","","","","","","","","","","","","","","","","","","","","","","","","","","","","14.22","","","19.44","","","30.86","","","","26.03","","","",
"Netherlands","NLD","Account ownership at a financial institution or with a mobile-money-service provider (% of population ages 15+)","FX.OWN.TOTL.ZS","","","","","","","","","","","","","","","","","","","","","","","","","","","","","","","","","","","","","","","","","","","","","","","","","","","","98.66","","","99.3","","","99.64","","","","99.73","","","",
"Norway","NOR","Account ownership at a financial institution or with a mobile-money-service provider (% of population ages 15+)","FX.OWN.TOTL.ZS","","","","","","","","","","","","","","","","","","","","","","","","","","","","","","","","","","","","","","","","","","","","","","","","","","","","","","","100","","","99.75","","","","99.48","","","",
"Nepal","NPL","Account ownership at a financial institution or with a mobile-money-service provider (% of population ages 15+)","FX.OWN.TOTL.ZS","","","","","","","","","","","","","","","","","","","","","","","","","","","","","","","","","","","","","","","","","","","","","","","","","","","","25.31","","","33.8","","","45.39","","","","54","","","",
"Nauru","NRU","Account ownership at a financial institution or with a mobile-money-service provider (% of population ages 15+)","FX.OWN.TOTL.ZS","","","","","","","","","","","","","","","","","","","","","","","","","","","","","","","","","","","","","","","","","","","","","","","","","","","","","","","","","","","","","","","","","",
"New Zealand","NZL","Account ownership at a financial institution or with a mobile-money-service provider (% of population ages 15+)","FX.OWN.TOTL.ZS","","","","","","","","","","","","","","","","","","","","","","","","","","","","","","","","","","","","","","","","","","","","","","","","","","","","99.44","","","99.53","","","99.18","","","","98.75","","","",
"OECD members","OED","Account ownership at a financial institution or with a mobile-money-service provider (% of population ages 15+)","FX.OWN.TOTL.ZS","","","","","","","","","","","","","","","","","","","","","","","","","","","","","","","","","","","","","","","","","","","","","","","","","","","","89.76","","","93.76","","","94.46","","","","97.19","","","",
"Oman","OMN","Account ownership at a financial institution or with a mobile-money-service provider (% of population ages 15+)","FX.OWN.TOTL.ZS","","","","","","","","","","","","","","","","","","","","","","","","","","","","","","","","","","","","","","","","","","","","","","","","","","","","73.6","","","","","","","","","","","","","",
"Other small states","OSS","Account ownership at a financial institution or with a mobile-money-service provider (% of population ages 15+)","FX.OWN.TOTL.ZS","","","","","","","","","","","","","","","","","","","","","","","","","","","","","","","","","","","","","","","","","","","","","","","","","","","","","","","","","","","","","","","","","",
"Pakistan","PAK","Account ownership at a financial institution or with a mobile-money-service provider (% of population ages 15+)","FX.OWN.TOTL.ZS","","","","","","","","","","","","","","","","","","","","","","","","","","","","","","","","","","","","","","","","","","","","","","","","","","","","10.31","","","13.04","","","21.29","","","","20.98","","","",
"Panama","PAN","Account ownership at a financial institution or with a mobile-money-service provider (% of population ages 15+)","FX.OWN.TOTL.ZS","","","","","","","","","","","","","","","","","","","","","","","","","","","","","","","","","","","","","","","","","","","","","","","","","","","","24.93","","","43.66","","","46.49","","","","44.97","","","",
"Peru","PER","Account ownership at a financial institution or with a mobile-money-service provider (% of population ages 15+)","FX.OWN.TOTL.ZS","","","","","","","","","","","","","","","","","","","","","","","","","","","","","","","","","","","","","","","","","","","","","","","","","","","","20.46","","","28.98","","","42.6","","","","57.5","","","",
"Philippines","PHL","Account ownership at a financial institution or with a mobile-money-service provider (% of population ages 15+)","FX.OWN.TOTL.ZS","","","","","","","","","","","","","","","","","","","","","","","","","","","","","","","","","","","","","","","","","","","","","","","","","","","","26.56","","","31.29","","","34.5","","","","51.37","","","",
"Palau","PLW","Account ownership at a financial institution or with a mobile-money-service provider (% of population ages 15+)","FX.OWN.TOTL.ZS","","","","","","","","","","","","","","","","","","","","","","","","","","","","","","","","","","","","","","","","","","","","","","","","","","","","","","","","","","","","","","","","","",
"Papua New Guinea","PNG","Account ownership at a financial institution or with a mobile-money-service provider (% of population ages 15+)","FX.OWN.TOTL.ZS","","","","","","","","","","","","","","","","","","","","","","","","","","","","","","","","","","","","","","","","","","","","","","","","","","","","","","","","","","","","","","","","","",
"Poland","POL","Account ownership at a financial institution or with a mobile-money-service provider (% of population ages 15+)","FX.OWN.TOTL.ZS","","","","","","","","","","","","","","","","","","","","","","","","","","","","","","","","","","","","","","","","","","","","","","","","","","","","70.19","","","77.86","","","86.73","","","","95.72","","","",
"Pre-demographic dividend","PRE","Account ownership at a financial institution or with a mobile-money-service provider (% of population ages 15+)","FX.OWN.TOTL.ZS","","","","","","","","","","","","","","","","","","","","","","","","","","","","","","","","","","","","","","","","","","","","","","","","","","","","","","","","","","","","","","","","","",
"Puerto Rico (US)","PRI","Account ownership at a financial institution or with a mobile-money-service provider (% of population ages 15+)","FX.OWN.TOTL.ZS","","","","","","","","","","","","","","","","","","","","","","","","","","","","","","","","","","","","","","","","","","","","","","","","","","","","","","","69.74","","","","","","","","","","",
"Korea, Dem. People's Rep.","PRK","Account ownership at a financial institution or with a mobile-money-service provider (% of population ages 15+)","FX.OWN.TOTL.ZS","","","","","","","","","","","","","","","","","","","","","","","","","","","","","","","","","","","","","","","","","","","","","","","","","","","","","","","","","","","","","","","","","",
"Portugal","PRT","Account ownership at a financial institution or with a mobile-money-service provider (% of population ages 15+)","FX.OWN.TOTL.ZS","","","","","","","","","","","","","","","","","","","","","","","","","","","","","","","","","","","","","","","","","","","","","","","","","","","","81.23","","","87.39","","","92.34","","","","92.65","","","",
"Paraguay","PRY","Account ownership at a financial institution or with a mobile-money-service provider (% of population ages 15+)","FX.OWN.TOTL.ZS","","","","","","","","","","","","","","","","","","","","","","","","","","","","","","","","","","","","","","","","","","","","","","","","","","","","21.72","","","","","","48.65","","","","54.42","","","",
"West Bank and Gaza","PSE","Account ownership at a financial institution or with a mobile-money-service provider (% of population ages 15+)","FX.OWN.TOTL.ZS","","","","","","","","","","","","","","","","","","","","","","","","","","","","","","","","","","","","","","","","","","","","","","","","","","","","19.43","","","24.24","","","25.02","","","","33.64","","","",
"Pacific island small states","PSS","Account ownership at a financial institution or with a mobile-money-service provider (% of population ages 15+)","FX.OWN.TOTL.ZS","","","","","","","","","","","","","","","","","","","","","","","","","","","","","","","","","","","","","","","","","","","","","","","","","","","","","","","","","","","","","","","","","",
"Post-demographic dividend","PST","Account ownership at a financial institution or with a mobile-money-service provider (% of population ages 15+)","FX.OWN.TOTL.ZS","","","","","","","","","","","","","","","","","","","","","","","","","","","","","","","","","","","","","","","","","","","","","","","","","","","","","","","","","","","","","","","","","",
"French Polynesia","PYF","Account ownership at a financial institution or with a mobile-money-service provider (% of population ages 15+)","FX.OWN.TOTL.ZS","","","","","","","","","","","","","","","","","","","","","","","","","","","","","","","","","","","","","","","","","","","","","","","","","","","","","","","","","","","","","","","","","",
"Qatar","QAT","Account ownership at a financial institution or with a mobile-money-service provider (% of population ages 15+)","FX.OWN.TOTL.ZS","","","","","","","","","","","","","","","","","","","","","","","","","","","","","","","","","","","","","","","","","","","","","","","","","","","","65.88","","","","","","","","","","","","","",
"Romania","ROU","Account ownership at a financial institution or with a mobile-money-service provider (% of population ages 15+)","FX.OWN.TOTL.ZS","","","","","","","","","","","","","","","","","","","","","","","","","","","","","","","","","","","","","","","","","","","","","","","","","","","","44.59","","","60.84","","","57.75","","","","69.12","","","",
"Russian Federation","RUS","Account ownership at a financial institution or with a mobile-money-service provider (% of population ages 15+)","FX.OWN.TOTL.ZS","","","","","","","","","","","","","","","","","","","","","","","","","","","","","","","","","","","","","","","","","","","","","","","","","","","","48.18","","","67.38","","","75.76","","","","89.72","","","",
"Rwanda","RWA","Account ownership at a financial institution or with a mobile-money-service provider (% of population ages 15+)","FX.OWN.TOTL.ZS","","","","","","","","","","","","","","","","","","","","","","","","","","","","","","","","","","","","","","","","","","","","","","","","","","","","32.76","","","42.12","","","50.02","","","","","","","",
"South Asia","SAS","Account ownership at a financial institution or with a mobile-money-service provider (% of population ages 15+)","FX.OWN.TOTL.ZS","","","","","","","","","","","","","","","","","","","","","","","","","","","","","","","","","","","","","","","","","","","","","","","","","","","","32.33","","","46.49","","","69.46","","","","67.89","","","",
"Saudi Arabia","SAU","Account ownership at a financial institution or with a mobile-money-service provider (% of population ages 15+)","FX.OWN.TOTL.ZS","","","","","","","","","","","","","","","","","","","","","","","","","","","","","","","","","","","","","","","","","","","","","","","","","","","","46.42","","","69.41","","","71.7","","","","74.32","","","",
"Sudan","SDN","Account ownership at a financial institution or with a mobile-money-service provider (% of population ages 15+)","FX.OWN.TOTL.ZS","","","","","","","","","","","","","","","","","","","","","","","","","","","","","","","","","","","","","","","","","","","","","","","","","","","","6.9","","","15.27","","","","","","","","","","",
"Senegal","SEN","Account ownership at a financial institution or with a mobile-money-service provider (% of population ages 15+)","FX.OWN.TOTL.ZS","","","","","","","","","","","","","","","","","","","","","","","","","","","","","","","","","","","","","","","","","","","","","","","","","","","","5.82","","","15.42","","","42.34","","","","55.96","","","",
"Singapore","SGP","Account ownership at a financial institution or with a mobile-money-service provider (% of population ages 15+)","FX.OWN.TOTL.ZS","","","","","","","","","","","","","","","","","","","","","","","","","","","","","","","","","","","","","","","","","","","","","","","","","","","","98.22","","","96.35","","","97.93","","","","97.55","","","",
"Solomon Islands","SLB","Account ownership at a financial institution or with a mobile-money-service provider (% of population ages 15+)","FX.OWN.TOTL.ZS","","","","","","","","","","","","","","","","","","","","","","","","","","","","","","","","","","","","","","","","","","","","","","","","","","","","","","","","","","","","","","","","","",
"Sierra Leone","SLE","Account ownership at a financial institution or with a mobile-money-service provider (% of population ages 15+)","FX.OWN.TOTL.ZS","","","","","","","","","","","","","","","","","","","","","","","","","","","","","","","","","","","","","","","","","","","","","","","","","","","","15.34","","","15.58","","","19.81","","","","28.85","","","",
"El Salvador","SLV","Account ownership at a financial institution or with a mobile-money-service provider (% of population ages 15+)","FX.OWN.TOTL.ZS","","","","","","","","","","","","","","","","","","","","","","","","","","","","","","","","","","","","","","","","","","","","","","","","","","","","13.76","","","36.72","","","30.35","","","","35.85","","","",
"San Marino","SMR","Account ownership at a financial institution or with a mobile-money-service provider (% of population ages 15+)","FX.OWN.TOTL.ZS","","","","","","","","","","","","","","","","","","","","","","","","","","","","","","","","","","","","","","","","","","","","","","","","","","","","","","","","","","","","","","","","","",
"Somalia","SOM","Account ownership at a financial institution or with a mobile-money-service provider (% of population ages 15+)","FX.OWN.TOTL.ZS","","","","","","","","","","","","","","","","","","","","","","","","","","","","","","","","","","","","","","","","","","","","","","","","","","","","","","","38.66","","","","","","","","","","",
"Serbia","SRB","Account ownership at a financial institution or with a mobile-money-service provider (% of population ages 15+)","FX.OWN.TOTL.ZS","","","","","","","","","","","","","","","","","","","","","","","","","","","","","","","","","","","","","","","","","","","","","","","","","","","","62.22","","","83.09","","","71.44","","","","89.42","","","",
"Sub-Saharan Africa (excluding high income)","SSA","Account ownership at a financial institution or with a mobile-money-service provider (% of population ages 15+)","FX.OWN.TOTL.ZS","","","","","","","","","","","","","","","","","","","","","","","","","","","","","","","","","","","","","","","","","","","","","","","","","","","","23.33","","","34.27","","","42.63","","","","55.07","","","",
"South Sudan","SSD","Account ownership at a financial institution or with a mobile-money-service provider (% of population ages 15+)","FX.OWN.TOTL.ZS","","","","","","","","","","","","","","","","","","","","","","","","","","","","","","","","","","","","","","","","","","","","","","","","","","","","","","","","","","8.57","","","","5.83","","","",
"Sub-Saharan Africa","SSF","Account ownership at a financial institution or with a mobile-money-service provider (% of population ages 15+)","FX.OWN.TOTL.ZS","","","","","","","","","","","","","","","","","","","","","","","","","","","","","","","","","","","","","","","","","","","","","","","","","","","","23.33","","","34.27","","","42.63","","","","55.07","","","",
"Small states","SST","Account ownership at a financial institution or with a mobile-money-service provider (% of population ages 15+)","FX.OWN.TOTL.ZS","","","","","","","","","","","","","","","","","","","","","","","","","","","","","","","","","","","","","","","","","","","","","","","","","","","","","","","","","","","","","","","","","",
"Sao Tome and Principe","STP","Account ownership at a financial institution or with a mobile-money-service provider (% of population ages 15+)","FX.OWN.TOTL.ZS","","","","","","","","","","","","","","","","","","","","","","","","","","","","","","","","","","","","","","","","","","","","","","","","","","","","","","","","","","","","","","","","","",
"Suriname","SUR","Account ownership at a financial institution or with a mobile-money-service provider (% of population ages 15+)","FX.OWN.TOTL.ZS","","","","","","","","","","","","","","","","","","","","","","","","","","","","","","","","","","","","","","","","","","","","","","","","","","","","","","","","","","","","","","","","","",
"Slovak Republic","SVK","Account ownership at a financial institution or with a mobile-money-service provider (% of population ages 15+)","FX.OWN.TOTL.ZS","","","","","","","","","","","","","","","","","","","","","","","","","","","","","","","","","","","","","","","","","","","","","","","","","","","","79.58","","","77.24","","","84.18","","","","95.62","","","",
"Slovenia","SVN","Account ownership at a financial institution or with a mobile-money-service provider (% of population ages 15+)","FX.OWN.TOTL.ZS","","","","","","","","","","","","","","","","","","","","","","","","","","","","","","","","","","","","","","","","","","","","","","","","","","","","97.14","","","97.24","","","97.53","","","","99.05","","","",
"Sweden","SWE","Account ownership at a financial institution or with a mobile-money-service provider (% of population ages 15+)","FX.OWN.TOTL.ZS","","","","","","","","","","","","","","","","","","","","","","","","","","","","","","","","","","","","","","","","","","","","","","","","","","","","98.99","","","99.72","","","99.74","","","","99.69","","","",
"Eswatini","SWZ","Account ownership at a financial institution or with a mobile-money-service provider (% of population ages 15+)","FX.OWN.TOTL.ZS","","","","","","","","","","","","","","","","","","","","","","","","","","","","","","","","","","","","","","","","","","","","","","","","","","","","28.57","","","","","","","","","","","66.18","","",
"Sint Maarten (Dutch part)","SXM","Account ownership at a financial institution or with a mobile-money-service provider (% of population ages 15+)","FX.OWN.TOTL.ZS","","","","","","","","","","","","","","","","","","","","","","","","","","","","","","","","","","","","","","","","","","","","","","","","","","","","","","","","","","","","","","","","","",
"Seychelles","SYC","Account ownership at a financial institution or with a mobile-money-service provider (% of population ages 15+)","FX.OWN.TOTL.ZS","","","","","","","","","","","","","","","","","","","","","","","","","","","","","","","","","","","","","","","","","","","","","","","","","","","","","","","","","","","","","","","","","",
"Syrian Arab Republic","SYR","Account ownership at a financial institution or with a mobile-money-service provider (% of population ages 15+)","FX.OWN.TOTL.ZS","","","","","","","","","","","","","","","","","","","","","","","","","","","","","","","","","","","","","","","","","","","","","","","","","","","","23.25","","","","","","","","","","","","","",
"Turks and Caicos Islands","TCA","Account ownership at a financial institution or with a mobile-money-service provider (% of population ages 15+)","FX.OWN.TOTL.ZS","","","","","","","","","","","","","","","","","","","","","","","","","","","","","","","","","","","","","","","","","","","","","","","","","","","","","","","","","","","","","","","","","",
"Chad","TCD","Account ownership at a financial institution or with a mobile-money-service provider (% of population ages 15+)","FX.OWN.TOTL.ZS","","","","","","","","","","","","","","","","","","","","","","","","","","","","","","","","","","","","","","","","","","","","","","","","","","","","8.96","","","12.43","","","21.76","","","","","23.65","","",
"East Asia & Pacific (IDA & IBRD countries)","TEA","Account ownership at a financial institution or with a mobile-money-service provider (% of population ages 15+)","FX.OWN.TOTL.ZS","","","","","","","","","","","","","","","","","","","","","","","","","","","","","","","","","","","","","","","","","","","","","","","","","","","","","","","","","","","","","","","","","",
"Europe & Central Asia (IDA & IBRD countries)","TEC","Account ownership at a financial institution or with a mobile-money-service provider (% of population ages 15+)","FX.OWN.TOTL.ZS","","","","","","","","","","","","","","","","","","","","","","","","","","","","","","","","","","","","","","","","","","","","","","","","","","","","","","","","","","","","","","","","","",
"Togo","TGO","Account ownership at a financial institution or with a mobile-money-service provider (% of population ages 15+)","FX.OWN.TOTL.ZS","","","","","","","","","","","","","","","","","","","","","","","","","","","","","","","","","","","","","","","","","","","","","","","","","","","","10.19","","","18.25","","","45.29","","","","49.61","","","",
"Thailand","THA","Account ownership at a financial institution or with a mobile-money-service provider (% of population ages 15+)","FX.OWN.TOTL.ZS","","","","","","","","","","","","","","","","","","","","","","","","","","","","","","","","","","","","","","","","","","","","","","","","","","","","72.67","","","78.14","","","81.59","","","","95.58","","","",
"Tajikistan","TJK","Account ownership at a financial institution or with a mobile-money-service provider (% of population ages 15+)","FX.OWN.TOTL.ZS","","","","","","","","","","","","","","","","","","","","","","","","","","","","","","","","","","","","","","","","","","","","","","","","","","","","2.53","","","11.46","","","47.02","","","","39.49","","","",
"Turkmenistan","TKM","Account ownership at a financial institution or with a mobile-money-service provider (% of population ages 15+)","FX.OWN.TOTL.ZS","","","","","","","","","","","","","","","","","","","","","","","","","","","","","","","","","","","","","","","","","","","","","","","","","","","","0.4","","","","","","40.58","","","","","","","",
"Latin America & the Caribbean (IDA & IBRD countries)","TLA","Account ownership at a financial institution or with a mobile-money-service provider (% of population ages 15+)","FX.OWN.TOTL.ZS","","","","","","","","","","","","","","","","","","","","","","","","","","","","","","","","","","","","","","","","","","","","","","","","","","","","","","","","","","","","","","","","","",
"Timor-Leste","TLS","Account ownership at a financial institution or with a mobile-money-service provider (% of population ages 15+)","FX.OWN.TOTL.ZS","","","","","","","","","","","","","","","","","","","","","","","","","","","","","","","","","","","","","","","","","","","","","","","","","","","","","","","","","","","","","","","","","",
"Middle East, North Africa, Afghanistan & Pakistan (IDA & IBRD)","TMN","Account ownership at a financial institution or with a mobile-money-service provider (% of population ages 15+)","FX.OWN.TOTL.ZS","","","","","","","","","","","","","","","","","","","","","","","","","","","","","","","","","","","","","","","","","","","","","","","","","","","","","","","","","","","","","","","","","",
"Tonga","TON","Account ownership at a financial institution or with a mobile-money-service provider (% of population ages 15+)","FX.OWN.TOTL.ZS","","","","","","","","","","","","","","","","","","","","","","","","","","","","","","","","","","","","","","","","","","","","","","","","","","","","","","","","","","","","","","","","","",
"South Asia (IDA & IBRD)","TSA","Account ownership at a financial institution or with a mobile-money-service provider (% of population ages 15+)","FX.OWN.TOTL.ZS","","","","","","","","","","","","","","","","","","","","","","","","","","","","","","","","","","","","","","","","","","","","","","","","","","","","","","","","","","","","","","","","","",
"Sub-Saharan Africa (IDA & IBRD countries)","TSS","Account ownership at a financial institution or with a mobile-money-service provider (% of population ages 15+)","FX.OWN.TOTL.ZS","","","","","","","","","","","","","","","","","","","","","","","","","","","","","","","","","","","","","","","","","","","","","","","","","","","","","","","","","","","","","","","","","",
"Trinidad and Tobago","TTO","Account ownership at a financial institution or with a mobile-money-service provider (% of population ages 15+)","FX.OWN.TOTL.ZS","","","","","","","","","","","","","","","","","","","","","","","","","","","","","","","","","","","","","","","","","","","","","","","","","","","","75.92","","","","","","80.78","","","","","","","",
"Tunisia","TUN","Account ownership at a financial institution or with a mobile-money-service provider (% of population ages 15+)","FX.OWN.TOTL.ZS","","","","","","","","","","","","","","","","","","","","","","","","","","","","","","","","","","","","","","","","","","","","","","","","","","","","","","","27.43","","","36.91","","","","36.85","","","",
"Turkiye","TUR","Account ownership at a financial institution or with a mobile-money-service provider (% of population ages 15+)","FX.OWN.TOTL.ZS","","","","","","","","","","","","","","","","","","","","","","","","","","","","","","","","","","","","","","","","","","","","","","","","","","","","57.6","","","56.68","","","68.59","","","","74.09","","","",
"Tuvalu","TUV","Account ownership at a financial institution or with a mobile-money-service provider (% of population ages 15+)","FX.OWN.TOTL.ZS","","","","","","","","","","","","","","","","","","","","","","","","","","","","","","","","","","","","","","","","","","","","","","","","","","","","","","","","","","","","","","","","","",
"Tanzania","TZA","Account ownership at a financial institution or with a mobile-money-service provider (% of population ages 15+)","FX.OWN.TOTL.ZS","","","","","","","","","","","","","","","","","","","","","","","","","","","","","","","","","","","","","","","","","","","","","","","","","","","","17.26","","","39.78","","","46.75","","","","52.43","","","",
"Uganda","UGA","Account ownership at a financial institution or with a mobile-money-service provider (% of population ages 15+)","FX.OWN.TOTL.ZS","","","","","","","","","","","","","","","","","","","","","","","","","","","","","","","","","","","","","","","","","","","","","","","","","","","","20.46","","","44.45","","","59.2","","","","65.91","","","",
"Ukraine","UKR","Account ownership at a financial institution or with a mobile-money-service provider (% of population ages 15+)","FX.OWN.TOTL.ZS","","","","","","","","","","","","","","","","","","","","","","","","","","","","","","","","","","","","","","","","","","","","","","","","","","","","41.27","","","52.71","","","62.9","","","","83.56","","","",
"Upper middle income","UMC","Account ownership at a financial institution or with a mobile-money-service provider (% of population ages 15+)","FX.OWN.TOTL.ZS","","","","","","","","","","","","","","","","","","","","","","","","","","","","","","","","","","","","","","","","","","","","","","","","","","","","56.56","","","70.93","","","72.35","","","","84.33","","","",
"Uruguay","URY","Account ownership at a financial institution or with a mobile-money-service provider (% of population ages 15+)","FX.OWN.TOTL.ZS","","","","","","","","","","","","","","","","","","","","","","","","","","","","","","","","","","","","","","","","","","","","","","","","","","","","23.54","","","45.59","","","63.87","","","","74.13","","","",
"United States","USA","Account ownership at a financial institution or with a mobile-money-service provider (% of population ages 15+)","FX.OWN.TOTL.ZS","","","","","","","","","","","","","","","","","","","","","","","","","","","","","","","","","","","","","","","","","","","","","","","","","","","","87.96","","","93.58","","","93.12","","","","94.95","","","",
"Uzbekistan","UZB","Account ownership at a financial institution or with a mobile-money-service provider (% of population ages 15+)","FX.OWN.TOTL.ZS","","","","","","","","","","","","","","","","","","","","","","","","","","","","","","","","","","","","","","","","","","","","","","","","","","","","22.5","","","40.71","","","37.09","","","","44.13","","","",
"St. Vincent and the Grenadines","VCT","Account ownership at a financial institution or with a mobile-money-service provider (% of population ages 15+)","FX.OWN.TOTL.ZS","","","","","","","","","","","","","","","","","","","","","","","","","","","","","","","","","","","","","","","","","","","","","","","","","","","","","","","","","","","","","","","","","",
"Venezuela, RB","VEN","Account ownership at a financial institution or with a mobile-money-service provider (% of population ages 15+)","FX.OWN.TOTL.ZS","","","","","","","","","","","","","","","","","","","","","","","","","","","","","","","","","","","","","","","","","","","","","","","","","","","","44.12","","","57.03","","","73.49","","","","84.39","","","",
"British Virgin Islands","VGB","Account ownership at a financial institution or with a mobile-money-service provider (% of population ages 15+)","FX.OWN.TOTL.ZS","","","","","","","","","","","","","","","","","","","","","","","","","","","","","","","","","","","","","","","","","","","","","","","","","","","","","","","","","","","","","","","","","",
"Virgin Islands (U.S.)","VIR","Account ownership at a financial institution or with a mobile-money-service provider (% of population ages 15+)","FX.OWN.TOTL.ZS","","","","","","","","","","","","","","","","","","","","","","","","","","","","","","","","","","","","","","","","","","","","","","","","","","","","","","","","","","","","","","","","","",
"Viet Nam","VNM","Account ownership at a financial institution or with a mobile-money-service provider (% of population ages 15+)","FX.OWN.TOTL.ZS","","","","","","","","","","","","","","","","","","","","","","","","","","","","","","","","","","","","","","","","","","","","","","","","","","","","21.37","","","30.95","","","30.8","","","","","56.27","","",
"Vanuatu","VUT","Account ownership at a financial institution or with a mobile-money-service provider (% of population ages 15+)","FX.OWN.TOTL.ZS","","","","","","","","","","","","","","","","","","","","","","","","","","","","","","","","","","","","","","","","","","","","","","","","","","","","","","","","","","","","","","","","","",
"World","WLD","Account ownership at a financial institution or with a mobile-money-service provider (% of population ages 15+)","FX.OWN.TOTL.ZS","","","","","","","","","","","","","","","","","","","","","","","","","","","","","","","","","","","","","","","","","","","","","","","","","","","","50.63","","","61.92","","","68.5","","","","76.2","","","",
"Samoa","WSM","Account ownership at a financial institution or with a mobile-money-service provider (% of population ages 15+)","FX.OWN.TOTL.ZS","","","","","","","","","","","","","","","","","","","","","","","","","","","","","","","","","","","","","","","","","","","","","","","","","","","","","","","","","","","","","","","","","",
"Kosovo","XKX","Account ownership at a financial institution or with a mobile-money-service provider (% of population ages 15+)","FX.OWN.TOTL.ZS","","","","","","","","","","","","","","","","","","","","","","","","","","","","","","","","","","","","","","","","","","","","","","","","","","","","44.31","","","47.8","","","52.27","","","","58.01","","","",
"Yemen, Rep.","YEM","Account ownership at a financial institution or with a mobile-money-service provider (% of population ages 15+)","FX.OWN.TOTL.ZS","","","","","","","","","","","","","","","","","","","","","","","","","","","","","","","","","","","","","","","","","","","","","","","","","","","","3.66","","","6.45","","","","","","","","11.9","","",
"South Africa","ZAF","Account ownership at a financial institution or with a mobile-money-service provider (% of population ages 15+)","FX.OWN.TOTL.ZS","","","","","","","","","","","","","","","","","","","","","","","","","","","","","","","","","","","","","","","","","","","","","","","","","","","","53.65","","","70.32","","","69.22","","","","85.38","","","",
"Zambia","ZMB","Account ownership at a financial institution or with a mobile-money-service provider (% of population ages 15+)","FX.OWN.TOTL.ZS","","","","","","","","","","","","","","","","","","","","","","","","","","","","","","","","","","","","","","","","","","","","","","","","","","","","21.36","","","35.64","","","45.86","","","","48.52","","","",
"Zimbabwe","ZWE","Account ownership at a financial institution or with a mobile-money-service provider (% of population ages 15+)","FX.OWN.TOTL.ZS","","","","","","","","","","","","","","","","","","","","","","","","","","","","","","","","","","","","","","","","","","","","","","","","","","","","39.65","","","32.39","","","55.29","","","","59.75","","","",
